Domain,Status,Attractiveness,Demand,Length,Sectors,Created,Expires,Registrar
one.sexy,available,132,44%,3,"Business,General,Media,Technology",,,
brief.sexy,available,124,19%,5,"Business,Education,General,Law",,,
second.sexy,available,120,23%,6,"General,Mathematics",,,
complete.sexy,available,120,21%,8,"Manufacturing,Retail,Technology",,,
flat.sexy,available,116,24%,4,"Construction,Real Estate",,,
tenth.sexy,available,116,7%,5,Mathematics,,,
equal.sexy,available,116,19%,5,"Education,General,Law",,,
tonic.sexy,available,114,22%,5,"Health and Fitness,Medicine,Science",,,
acute.sexy,available,112,9%,5,"Mathematics,Medicine,Science",,,
hotshot.sexy,available,112,14%,7,"Business,Entertainment,Sports",,,
above.sexy,available,112,22%,5,Business,,,
zero.sexy,available,112,49%,4,Mathematics,,,
abstract.sexy,available,108,29%,8,"Arts,Humanities,Science",,,
abiding.sexy,available,106,5%,7,"General,Religion",,,
active.sexy,available,104,27%,6,"Health and Fitness,Sports,Travel",,,
expert.sexy,available,104,26%,6,"Business,Education,Technology",,,
teen.sexy,available,104,14%,4,"Education,Entertainment,Healthcare",,,
captive.sexy,available,102,14%,7,"Entertainment,Hospitality,Technology",,,
eight.sexy,available,102,23%,5,"General,Mathematics",,,
extra.sexy,available,102,26%,5,"Fashion,Retail,Technology",,,
absent.sexy,available,102,8%,6,"Business,Education,Technology",,,
eighth.sexy,available,100,6%,6,Mathematics,,,
abrupt.sexy,available,100,3%,6,"Medicine,Science",,,
sixth.sexy,available,100,8%,5,Mathematics,,,
adjunct.sexy,available,100,5%,7,Education,,,
crack.sexy,available,100,20%,5,Sports,,,
third.sexy,available,100,16%,5,Mathematics,,,
ninth.sexy,available,100,9%,5,Mathematics,,,
whiz.sexy,available,100,12%,4,"Business,Education,Technology",,,
remove.sexy,available,100,13%,6,"Construction,Manufacturing,Technology",,,
whizz.sexy,available,98,11%,5,"Business,Education,Technology",,,
genius.sexy,available,98,46%,6,"Arts,Education,Technology",,,
doable.sexy,available,96,9%,6,"Business,Education,Technology",,,
alamode.sexy,available,96,12%,9,Fashion,,,
academic.sexy,available,96,20%,8,"Education,Humanities,Science",,,
forgiving.sexy,available,96,3%,9,"Healthcare,Religion",,,
adequate.sexy,available,94,9%,8,"Education,Healthcare,Technology",,,
around.sexy,available,94,22%,6,"Business,General,Media,Technology",,,
virtuoso.sexy,available,94,16%,8,"Arts,Entertainment",,,
about.sexy,available,94,28%,5,"Business,General,Media,Technology",,,
abject.sexy,available,94,7%,6,Humanities,,,
abroad.sexy,available,92,12%,6,"Hospitality,Travel",,,
twentieth.sexy,available,92,3%,9,Mathematics,,,
adept.sexy,available,92,24%,5,"Education,Health and Fitness,Sports",,,
adjective.sexy,available,92,5%,9,Education,,,
neutral.sexy,available,92,20%,7,"Business,Media,Politics",,,
derelict.sexy,available,92,7%,8,"Construction,Real Estate",,,
next.sexy,available,92,43%,4,"Retail,Technology,Transportation",,,
nought.sexy,available,92,4%,6,Mathematics,,,
exemplary.sexy,available,92,5%,9,"Business,Education,Healthcare",,,
adoring.sexy,available,90,2%,7,"Entertainment,Fashion,Retail",,,
addictive.sexy,available,90,9%,9,Healthcare,,,
gripping.sexy,available,90,3%,8,"Entertainment,Media,Technology",,,
additional.sexy,available,90,8%,10,"Fashion,Retail,Technology",,,
endearing.sexy,available,90,1%,9,"Entertainment,Fashion,Retail",,,
abortive.sexy,available,90,1%,8,"Medicine,Science",,,
leash.sexy,available,90,7%,5,"General,Health and Fitness,Retail",,,
clear.sexy,available,90,47%,5,"Manufacturing,Retail,Technology",,,
riveting.sexy,available,90,6%,8,"Entertainment,Media,Technology",,,
activist.sexy,available,88,12%,8,"Humanities,Politics",,,
wide.sexy,available,88,18%,4,"Business,Media,Technology",,,
sixteen.sexy,available,88,11%,7,Mathematics,,,
twelve.sexy,available,88,18%,6,"General,Mathematics",,,
fifteen.sexy,available,88,13%,7,Mathematics,,,
actionable.sexy,available,88,13%,10,"Business,Law",,,
proficient.sexy,available,88,8%,10,"Education,Health and Fitness,Sports",,,
adlib.sexy,available,88,7%,6,Entertainment,,,
eleven.sexy,available,88,33%,6,Mathematics,,,
hundred.sexy,available,88,14%,7,Mathematics,,,
ten.sexy,available,88,28%,3,"General,Mathematics",,,
ace.sexy,available,88,34%,3,Sports,,,
three.sexy,available,88,24%,5,Mathematics,,,
cipher.sexy,available,86,29%,6,Mathematics,,,
xix.sexy,available,86,11%,3,Mathematics,,,
attendant.sexy,available,86,5%,9,"Healthcare,Hospitality,Transportation",,,
star.sexy,available,86,40%,4,"Entertainment,Media,Sports",,,
aboriginal.sexy,available,86,10%,10,Humanities,,,
intent.sexy,available,86,25%,6,"Business,Education,Technology",,,
recondite.sexy,available,86,4%,9,"Arts,Humanities,Science",,,
engrossing.sexy,available,86,0%,10,"Entertainment,Media,Technology",,,
extempore.sexy,available,86,3%,9,Entertainment,,,
adolescent.sexy,available,86,3%,10,"Education,Entertainment,Healthcare",,,
xiv.sexy,available,86,12%,3,Mathematics,,,
twentytwo.sexy,available,84,11%,10,Mathematics,,,
fourteen.sexy,available,84,8%,8,Mathematics,,,
thirteen.sexy,available,84,10%,8,Mathematics,,,
twentyone.sexy,available,84,13%,10,Mathematics,,,
nineteen.sexy,available,84,8%,8,Mathematics,,,
seventeen.sexy,available,84,7%,9,Mathematics,,,
deviate.sexy,available,84,12%,7,"Medicine,Science",,,
accessory.sexy,available,84,8%,9,"Fashion,Retail,Technology",,,
grand.sexy,available,84,25%,5,"Finance,General",,,
thousand.sexy,available,84,8%,8,Mathematics,,,
adjustable.sexy,available,84,3%,10,"Manufacturing,Retail,Technology",,,
acting.sexy,available,84,12%,6,Entertainment,,,
sharp.sexy,available,84,34%,5,"Arts,Fashion",,,
altered.sexy,available,82,9%,7,"Medicine,Science",,,
impromptu.sexy,available,82,16%,9,Entertainment,,,
dozen.sexy,available,82,10%,5,Mathematics,,,
good.sexy,available,82,47%,4,"Food and Beverage,General,Health and Fitness,Retail",,,
decade.sexy,available,82,10%,6,Mathematics,,,
abroach.sexy,available,82,1%,7,Food and Beverage,,,
abkhaz.sexy,available,82,1%,6,Geography,,,
abenaki.sexy,available,82,2%,7,Geography,,,
abdominal.sexy,available,82,1%,9,"Health and Fitness,Medicine",,,
fivesome.sexy,available,82,1%,8,Sports,,,
absorbent.sexy,available,82,3%,9,"Healthcare,Manufacturing,Retail",,,
enduring.sexy,available,82,9%,8,"Health and Fitness,Religion",,,
cleansing.sexy,available,82,3%,9,Health and Fitness,,,
two.sexy,available,80,24%,3,Mathematics,,,
trio.sexy,available,80,21%,4,Entertainment,,,
adoptable.sexy,available,80,3%,9,"Education,Healthcare",,,
yard.sexy,available,80,26%,4,"Construction,General",,,
able.sexy,available,80,29%,4,"Business,Education,General,Technology",,,
superstar.sexy,available,80,18%,9,Entertainment,,,
nine.sexy,available,80,24%,4,"General,Mathematics",,,
twenty.sexy,available,80,12%,6,Mathematics,,,
seventh.sexy,available,80,10%,7,Mathematics,,,
sequent.sexy,available,80,7%,7,"Healthcare,Insurance,Transportation",,,
abundant.sexy,available,80,19%,8,"Agriculture,Manufacturing,Retail",,,
wiz.sexy,available,80,30%,3,"Business,Education,Technology",,,
capable.sexy,available,80,12%,7,"Business,Education,Technology",,,
absurd.sexy,available,80,16%,6,"Arts,Entertainment,Media",,,
forty.sexy,available,80,9%,5,Mathematics,,,
some.sexy,available,80,32%,4,"Business,Media,Retail",,,
first.sexy,available,80,36%,5,"General,Mathematics",,,
absorbable.sexy,available,80,0%,10,"Healthcare,Pharmaceuticals,Science",,,
absolute.sexy,available,80,25%,8,"Engineering,Mathematics,Science",,,
dorsal.sexy,available,80,6%,6,"Medicine,Science",,,
worshipful.sexy,available,80,1%,10,"Education,Healthcare,Religion",,,
athletic.sexy,available,78,15%,8,"Health and Fitness,Sports",,,
low.sexy,available,78,20%,3,"Business,Finance",,,
twentysix.sexy,available,78,8%,10,Mathematics,,,
recognized.sexy,available,78,3%,10,"Business,Education,Technology",,,
accurate.sexy,available,78,16%,8,"Engineering,Mathematics,Science",,,
adjacent.sexy,available,78,9%,8,"Construction,Real Estate,Retail",,,
adrenal.sexy,available,78,4%,7,"Education,Healthcare,Science",,,
accessible.sexy,available,78,21%,10,"Healthcare,Retail,Technology",,,
accidental.sexy,available,78,11%,10,"Healthcare,Insurance,Transportation",,,
abkhazian.sexy,available,78,1%,9,Geography,,,
recognised.sexy,available,78,3%,10,"Business,Education,Technology",,,
accepted.sexy,available,78,6%,8,"Business,Education,Technology",,,
sixtynine.sexy,available,78,8%,10,Mathematics,,,
acceptable.sexy,available,78,5%,10,"Business,Hospitality,Retail",,,
adorable.sexy,available,78,8%,8,"Entertainment,Fashion,Retail",,,
dormant.sexy,available,78,4%,7,"Medicine,Science",,,
abounding.sexy,available,78,2%,9,Agriculture,,,
abkhasian.sexy,available,78,1%,9,Geography,,,
absorptive.sexy,available,78,1%,10,"Healthcare,Manufacturing,Retail",,,
acceptant.sexy,available,78,1%,9,"Education,Healthcare",,,
honestly.sexy,available,78,9%,8,"Business,Law",,,
ventral.sexy,available,76,3%,7,Science,,,
adaptive.sexy,available,76,28%,8,"Business,Education,Technology",,,
adherent.sexy,available,76,4%,8,"Politics,Religion",,,
thousandth.sexy,available,76,1%,10,Mathematics,,,
diamond.sexy,available,76,32%,7,Fashion,,,
obscene.sexy,available,76,5%,7,"Entertainment,Media",,,
resultant.sexy,available,76,2%,9,"Healthcare,Insurance,Transportation",,,
fifteenth.sexy,available,76,2%,9,Mathematics,,,
abrasive.sexy,available,76,6%,8,"Construction,Manufacturing",,,
threed.sexy,available,76,7%,7,Technology,,,
adaptable.sexy,available,76,9%,9,"Business,Education,Technology",,,
adhesive.sexy,available,76,7%,8,"Construction,Manufacturing,Technology",,,
firstrate.sexy,available,76,6%,10,Business,,,
addable.sexy,available,76,2%,7,"Engineering,Mathematics,Science",,,
nineteenth.sexy,available,76,3%,10,Mathematics,,,
fourteenth.sexy,available,76,1%,10,Mathematics,,,
thirteenth.sexy,available,76,4%,10,Mathematics,,,
eighteen.sexy,available,76,7%,8,Mathematics,,,
ancillary.sexy,available,76,6%,9,"Healthcare,Manufacturing,Technology",,,
energizing.sexy,available,76,3%,10,"Food and Beverage,Health and Fitness,Travel",,,
incidental.sexy,available,76,4%,10,"Healthcare,Insurance,Transportation",,,
acoustic.sexy,available,76,14%,8,Science,,,
ague.sexy,available,76,2%,4,"Geography,Medicine,Science",,,
hundredth.sexy,available,76,1%,9,Mathematics,,,
adipose.sexy,available,76,2%,7,"Healthcare,Science",,,
improvise.sexy,available,76,4%,9,Entertainment,,,
auxiliary.sexy,available,76,7%,9,"Healthcare,Manufacturing,Technology",,,
cleared.sexy,available,74,7%,7,"Healthcare,Law,Transportation",,,
aberrant.sexy,available,74,6%,8,"Medicine,Science",,,
realizable.sexy,available,74,1%,10,"Business,Education,Technology",,,
adenoid.sexy,available,74,1%,7,"Health and Fitness,Medicine,Science",,,
activated.sexy,available,74,9%,9,"Healthcare,Manufacturing,Technology",,,
accepting.sexy,available,74,3%,9,"Education,Healthcare",,,
acuate.sexy,available,74,2%,6,"Engineering,Medicine,Science",,,
mavin.sexy,available,74,7%,5,"Entertainment,Fashion,Technology",,,
adrenergic.sexy,available,74,1%,10,"Education,Healthcare,Science",,,
broad.sexy,available,74,13%,5,"Entertainment,General,Media",,,
skilful.sexy,available,74,3%,7,"Education,Health and Fitness,Sports",,,
achievable.sexy,available,74,4%,10,"Business,Education,Technology",,,
adapted.sexy,available,74,6%,7,"Healthcare,Manufacturing,Technology",,,
single.sexy,available,74,19%,6,Sports,,,
sensation.sexy,available,74,7%,9,"Entertainment,Media,Sports",,,
manageable.sexy,available,74,4%,10,"Business,Education,Technology",,,
abnormal.sexy,available,74,16%,8,"Medicine,Science",,,
adamant.sexy,available,74,14%,7,Religion,,,
supra.sexy,available,74,25%,5,"Medicine,Science",,,
admirable.sexy,available,74,5%,9,"Business,Education,Healthcare",,,
playing.sexy,available,74,12%,7,Entertainment,,,
eightieth.sexy,available,72,1%,9,Mathematics,,,
abloom.sexy,available,72,5%,6,Agriculture,,,
aching.sexy,available,72,4%,6,Healthcare,,,
champion.sexy,available,72,28%,8,"Entertainment,Health and Fitness,Sports",,,
addicted.sexy,available,72,9%,8,Healthcare,,,
adonic.sexy,available,72,2%,6,"Arts,Education,Entertainment",,,
trinity.sexy,available,72,18%,7,Religion,,,
lovely.sexy,available,72,26%,6,"Entertainment,Fashion,Retail",,,
absorbed.sexy,available,72,2%,8,"Entertainment,Media,Technology",,,
ternary.sexy,available,72,7%,7,Mathematics,,,
ninetieth.sexy,available,72,1%,9,Mathematics,,,
adaptative.sexy,available,72,1%,10,"Business,Education,Technology",,,
abreast.sexy,available,72,2%,7,"Business,Technology",,,
liv.sexy,available,72,27%,3,Mathematics,,,
improvize.sexy,available,72,1%,9,Entertainment,,,
deep.sexy,available,72,41%,4,"Engineering,Mathematics,Science",,,
adiabatic.sexy,available,72,3%,9,"Engineering,Science",,,
adjunctive.sexy,available,72,1%,10,"Healthcare,Manufacturing,Technology",,,
adjectival.sexy,available,72,1%,10,Education,,,
trey.sexy,available,72,14%,4,Sports,,,
sixtieth.sexy,available,72,1%,8,Mathematics,,,
engrossed.sexy,available,72,1%,9,"Entertainment,Media,Technology",,,
accusative.sexy,available,72,0%,10,"Humanities,Law",,,
absolutist.sexy,available,72,1%,10,"Humanities,Law,Politics",,,
ablaze.sexy,available,72,6%,6,Entertainment,,,
existent.sexy,available,72,3%,8,"Mathematics,Science",,,
accustomed.sexy,available,72,1%,10,"Business,Education,Humanities",,,
seventieth.sexy,available,72,1%,10,Mathematics,,,
adored.sexy,available,70,6%,6,"Entertainment,Fashion,Retail",,,
acuminate.sexy,available,70,1%,9,"Engineering,Medicine,Science",,,
unity.sexy,available,70,40%,5,Mathematics,,,
stillborn.sexy,available,70,2%,9,"Medicine,Science",,,
offhand.sexy,available,70,2%,7,Entertainment,,,
accumbent.sexy,available,70,1%,9,"Healthcare,Medicine,Science",,,
consequent.sexy,available,70,3%,10,"Business,Education,General,Technology",,,
absorbing.sexy,available,70,3%,9,"Entertainment,Media,Technology",,,
miserable.sexy,available,70,4%,9,Humanities,,,
lowdown.sexy,available,70,6%,8,"Entertainment,Media",,,
abulic.sexy,available,70,1%,6,Medicine,,,
gymnastic.sexy,available,70,3%,9,"Entertainment,Sports",,,
skillful.sexy,available,70,9%,8,"Education,Health and Fitness,Sports",,,
admired.sexy,available,70,5%,7,"Business,Education,Healthcare",,,
abradant.sexy,available,70,1%,8,"Construction,Manufacturing",,,
tiptop.sexy,available,70,24%,6,Fashion,,,
adamantine.sexy,available,70,4%,10,Religion,,,
recumbent.sexy,available,70,2%,9,"Healthcare,Medicine,Science",,,
adjusted.sexy,available,70,5%,8,"Manufacturing,Retail,Technology",,,
practiced.sexy,available,70,3%,9,"Education,Health and Fitness,Sports",,,
ennead.sexy,available,68,5%,6,Mathematics,,,
decorated.sexy,available,68,3%,9,"Entertainment,Fashion,Retail",,,
fiftieth.sexy,available,68,0%,8,Mathematics,,,
licenced.sexy,available,68,2%,8,"Business,Healthcare,Insurance",,,
stygian.sexy,available,68,5%,7,Humanities,,,
aculeate.sexy,available,68,1%,8,"Engineering,Medicine,Science",,,
achaian.sexy,available,68,2%,7,Humanities,,,
abnaki.sexy,available,68,1%,6,Geography,,,
threesome.sexy,available,68,5%,9,Entertainment,,,
foursome.sexy,available,68,4%,8,Sports,,,
sevener.sexy,available,68,1%,7,Mathematics,,,
vindicated.sexy,available,68,2%,10,"Humanities,Law,Politics",,,
achaean.sexy,available,68,2%,7,Humanities,,,
acerate.sexy,available,68,1%,7,Science,,,
thirtieth.sexy,available,68,1%,9,Mathematics,,,
licensed.sexy,available,68,5%,8,"Business,Healthcare,Insurance",,,
abkhas.sexy,available,68,0%,6,Geography,,,
scurvy.sexy,available,68,3%,6,Humanities,,,
ane.sexy,available,68,12%,3,Mathematics,,,
fortieth.sexy,available,68,0%,8,Mathematics,,,
activating.sexy,available,68,3%,10,"Healthcare,Manufacturing,Technology",,,
aberdonian.sexy,available,68,1%,10,Geography,,,
accredited.sexy,available,68,9%,10,"Business,Education,Healthcare",,,
aroused.sexy,available,68,3%,7,"Entertainment,Health and Fitness",,,
abducent.sexy,available,68,0%,8,Medicine,,,
octonary.sexy,available,68,1%,8,Mathematics,,,
ablative.sexy,available,68,3%,8,Science,,,
septenary.sexy,available,68,1%,9,Mathematics,,,
disciple.sexy,available,68,14%,8,"Education,Religion",,,
xxii.sexy,available,66,6%,4,Mathematics,,,
acervate.sexy,available,66,1%,8,Science,,,
modish.sexy,available,66,5%,6,Fashion,,,
xxvi.sexy,available,66,3%,4,Mathematics,,,
xiii.sexy,available,66,9%,4,Mathematics,,,
according.sexy,available,66,3%,9,"Business,Education,Technology",,,
xviii.sexy,available,66,5%,5,Mathematics,,,
performing.sexy,available,66,6%,10,Entertainment,,,
adopted.sexy,available,66,4%,7,"Education,Healthcare",,,
abstinent.sexy,available,66,1%,9,"Health and Fitness,Religion",,,
five.sexy,available,66,26%,4,Mathematics,,,
accessary.sexy,available,66,1%,9,"Business,Law,Technology",,,
xvi.sexy,available,66,5%,3,Mathematics,,,
xvii.sexy,available,66,5%,4,Mathematics,,,
tenner.sexy,available,66,5%,6,Finance,,,
thirty.sexy,available,66,8%,6,Mathematics,,,
eighty.sexy,available,66,6%,6,Mathematics,,,
ninety.sexy,available,66,11%,6,Mathematics,,,
adorned.sexy,available,66,5%,7,"Entertainment,Fashion,Retail",,,
onec.sexy,available,66,6%,5,Mathematics,,,
buzzing.sexy,available,66,7%,7,"Entertainment,Media,Technology",,,
acappella.sexy,available,66,6%,10,Entertainment,,,
century.sexy,available,66,17%,7,Education,,,
xii.sexy,available,66,10%,3,Mathematics,,,
fifty.sexy,available,66,12%,5,Mathematics,,,
exonerated.sexy,available,66,2%,10,"Humanities,Law,Politics",,,
four.sexy,available,66,27%,4,Mathematics,,,
xxv.sexy,available,66,6%,3,Mathematics,,,
teenager.sexy,available,66,4%,8,"Education,Entertainment,Healthcare",,,
clv.sexy,available,66,10%,3,Mathematics,,,
maven.sexy,available,66,30%,5,"Entertainment,Fashion,Technology",,,
acrobatic.sexy,available,66,4%,9,"Entertainment,Sports",,,
sextet.sexy,available,66,1%,6,Entertainment,,,
xxi.sexy,available,66,10%,3,Mathematics,,,
latest.sexy,available,66,18%,6,Technology,,,
six.sexy,available,66,26%,3,Mathematics,,,
deuce.sexy,available,66,9%,5,Sports,,,
absolved.sexy,available,64,1%,8,"Humanities,Law,Religion",,,
rising.sexy,available,64,18%,6,"Construction,Manufacturing,Real Estate",,,
scatty.sexy,available,64,1%,6,"Arts,Entertainment,Media",,,
accordant.sexy,available,64,3%,9,"Arts,Entertainment",,,
ccc.sexy,available,64,38%,3,Mathematics,,,
deviant.sexy,available,64,12%,7,"Medicine,Science",,,
astringent.sexy,available,64,1%,10,"Healthcare,Pharmaceuticals",,,
nondrinker.sexy,available,64,1%,10,"Health and Fitness,Religion",,,
acentric.sexy,available,64,2%,8,Science,,,
adagio.sexy,available,64,14%,6,Entertainment,,,
aflame.sexy,available,64,3%,6,Entertainment,,,
accusing.sexy,available,62,1%,8,Law,,,
adoptive.sexy,available,62,1%,8,"Education,Healthcare",,,
aufait.sexy,available,62,3%,7,"Fashion,Media",,,
nail.sexy,available,62,16%,4,"Construction,Fashion,General,Retail",,,
pungent.sexy,available,62,1%,7,Food and Beverage,,,
acidic.sexy,available,62,5%,6,"Food and Beverage,Science",,,
fortyfour.sexy,available,62,6%,10,Mathematics,,,
aborigine.sexy,available,62,1%,9,Humanities,,,
twodozen.sexy,available,62,1%,9,Mathematics,,,
abo.sexy,available,62,15%,3,Science,,,
chiliad.sexy,available,62,2%,7,Mathematics,,,
eighteenth.sexy,available,62,1%,10,Mathematics,,,
roughly.sexy,available,62,3%,7,"Business,Media,Technology",,,
orso.sexy,available,62,9%,5,"Business,Media,Technology",,,
activistic.sexy,available,62,1%,10,"Humanities,Politics",,,
accrued.sexy,available,62,2%,7,"Banking,Finance,Insurance",,,
admissible.sexy,available,62,1%,10,"Education,Healthcare,Law",,,
troika.sexy,available,62,8%,6,Politics,,,
longdozen.sexy,available,62,2%,10,Mathematics,,,
playacting.sexy,available,62,1%,10,Entertainment,,,
adjuvant.sexy,available,62,5%,8,"Healthcare,Manufacturing,Technology",,,
activation.sexy,available,62,16%,10,"Healthcare,Manufacturing,Technology",,,
cumulative.sexy,available,62,2%,10,"Banking,Finance,Insurance",,,
wrapped.sexy,available,62,13%,7,"Fashion,Hospitality,Retail",,,
ensuant.sexy,available,62,1%,7,"Healthcare,Insurance,Transportation",,,
exculpated.sexy,available,62,1%,10,"Humanities,Law,Politics",,,
quartet.sexy,available,62,7%,7,"Arts,Entertainment",,,
sixteenth.sexy,available,62,1%,9,Mathematics,,,
eleventh.sexy,available,62,5%,8,Mathematics,,,
tertiary.sexy,available,60,4%,8,Education,,,
thou.sexy,available,60,7%,4,Mathematics,,,
cxv.sexy,available,60,4%,3,Mathematics,,,
clxv.sexy,available,60,1%,4,Mathematics,,,
acceptive.sexy,available,60,1%,9,"Education,Healthcare",,,
idolised.sexy,available,60,1%,8,"Entertainment,Fashion,Retail",,,
annexal.sexy,available,60,1%,7,"Agriculture,Manufacturing,Retail",,,
eightysix.sexy,available,60,7%,10,Mathematics,,,
cautionary.sexy,available,60,1%,10,"Business,Education,Healthcare",,,
xcl.sexy,available,60,5%,3,Mathematics,,,
idolized.sexy,available,60,3%,8,"Entertainment,Fashion,Retail",,,
octet.sexy,available,60,12%,5,Arts,,,
clxxv.sexy,available,60,1%,5,Mathematics,,,
aboveboard.sexy,available,60,5%,10,"Business,Law",,,
clxx.sexy,available,60,3%,4,Mathematics,,,
paunchy.sexy,available,60,0%,7,"Health and Fitness,Medicine",,,
adnexal.sexy,available,60,1%,7,"Agriculture,Manufacturing,Retail",,,
cxl.sexy,available,60,7%,3,Mathematics,,,
abashed.sexy,available,60,1%,7,Humanities,,,
adnate.sexy,available,60,1%,6,"Agriculture,Manufacturing,Retail",,,
cxx.sexy,available,60,10%,3,Mathematics,,,
sixty.sexy,available,60,13%,5,Mathematics,,,
abstainer.sexy,available,60,0%,9,"Health and Fitness,Religion",,,
abstemious.sexy,available,60,0%,10,"Food and Beverage,Health and Fitness,Hospitality",,,
cxlv.sexy,available,60,2%,4,Mathematics,,,
cxxx.sexy,available,60,4%,4,Mathematics,,,
clxxx.sexy,available,60,1%,5,Mathematics,,,
cxxxv.sexy,available,60,2%,5,Mathematics,,,
cxxv.sexy,available,60,1%,4,Mathematics,,,
clx.sexy,available,60,10%,3,Mathematics,,,
tercet.sexy,available,59,2%,6,"Arts,Entertainment,Media",,,
super.sexy,available,58,47%,5,Business,,,
alacarte.sexy,available,58,11%,10,Food and Beverage,,,
sixer.sexy,available,58,5%,5,Sports,,,
abandoned.sexy,available,58,10%,9,"Construction,Real Estate",,,
adient.sexy,available,58,4%,6,"Medicine,Science",,,
offhanded.sexy,available,58,1%,9,Entertainment,,,
abridged.sexy,available,58,4%,8,Media,,,
fourth.sexy,available,58,13%,6,Mathematics,,,
hexad.sexy,available,58,4%,5,Mathematics,,,
abuzz.sexy,available,58,5%,5,"Entertainment,Media,Technology",,,
ache.sexy,available,58,7%,4,Healthcare,,,
abused.sexy,available,58,5%,6,"Healthcare,Law",,,
centesimal.sexy,available,58,1%,10,Mathematics,,,
fourscore.sexy,available,58,4%,9,Mathematics,,,
aucourant.sexy,available,58,3%,10,"Fashion,Media",,,
octad.sexy,available,58,5%,5,Mathematics,,,
adjustive.sexy,available,58,1%,9,"Manufacturing,Retail,Technology",,,
sextuplet.sexy,available,58,1%,9,Healthcare,,,
closeto.sexy,available,58,3%,8,"Business,Media,Technology",,,
addible.sexy,available,58,2%,7,"Engineering,Mathematics,Science",,,
actuarial.sexy,available,58,8%,9,"Finance,Insurance,Mathematics",,,
cypher.sexy,available,58,29%,6,Mathematics,,,
addressed.sexy,available,58,3%,9,"Business,Technology,Telecommunications",,,
lxxx.sexy,available,58,2%,4,Mathematics,,,
quintet.sexy,available,58,8%,7,"Arts,Entertainment",,,
twelfth.sexy,available,58,2%,7,Mathematics,,,
adhoc.sexy,available,58,24%,6,"Business,Engineering,Technology",,,
sixtyone.sexy,available,58,3%,9,Mathematics,,,
acyclic.sexy,available,58,4%,7,"Engineering,Mathematics,Science",,,
accoutred.sexy,available,58,1%,9,"Fashion,Manufacturing,Retail",,,
linear.sexy,available,58,22%,6,"Engineering,Mathematics,Science",,,
tetrad.sexy,available,58,5%,6,Mathematics,,,
pentad.sexy,available,58,2%,6,Mathematics,,,
heptad.sexy,available,58,1%,6,Mathematics,,,
enwrapped.sexy,available,58,0%,9,"Entertainment,Fashion,Media",,,
lxxviii.sexy,available,58,1%,7,Mathematics,,,
niner.sexy,available,58,5%,5,Mathematics,,,
seventy.sexy,available,58,7%,7,Mathematics,,,
fifth.sexy,available,58,12%,5,Mathematics,,,
accretive.sexy,available,58,6%,9,"Banking,Finance,Insurance",,,
acetic.sexy,available,58,1%,6,"Food and Beverage,Science",,,
seven.sexy,available,58,36%,5,Mathematics,,,
justabout.sexy,available,58,3%,10,"Business,Media,Technology",,,
eighter.sexy,available,58,2%,7,Mathematics,,,
lii.sexy,available,56,7%,3,Mathematics,,,
xxviii.sexy,available,56,1%,6,Mathematics,,,
admittable.sexy,available,56,1%,10,"Education,Healthcare,Hospitality",,,
xlvii.sexy,available,56,2%,5,Mathematics,,,
xxxiv.sexy,available,56,1%,5,Mathematics,,,
xxxvii.sexy,available,56,2%,6,Mathematics,,,
fiftyfour.sexy,available,56,3%,10,Mathematics,,,
halfdozen.sexy,available,56,1%,10,Mathematics,,,
xxxvi.sexy,available,56,1%,5,Mathematics,,,
xlii.sexy,available,56,5%,4,Mathematics,,,
lvii.sexy,available,56,1%,4,Mathematics,,,
xxxiii.sexy,available,56,2%,6,Mathematics,,,
admissive.sexy,available,56,1%,9,"Education,Healthcare,Hospitality",,,
thirtysix.sexy,available,56,5%,10,Mathematics,,,
xxiv.sexy,available,56,5%,4,Mathematics,,,
fortytwo.sexy,available,56,17%,9,Mathematics,,,
ilx.sexy,available,56,5%,3,Mathematics,,,
xli.sexy,available,56,5%,3,Mathematics,,,
fortyone.sexy,available,56,4%,9,Mathematics,,,
xlviii.sexy,available,56,1%,6,Mathematics,,,
fortysix.sexy,available,56,3%,9,Mathematics,,,
fiftytwo.sexy,available,56,6%,9,Mathematics,,,
xliv.sexy,available,56,2%,4,Mathematics,,,
thirtytwo.sexy,available,56,5%,10,Mathematics,,,
xxxi.sexy,available,56,9%,4,Mathematics,,,
fiftyone.sexy,available,56,7%,9,Mathematics,,,
lviii.sexy,available,56,1%,5,Mathematics,,,
xlv.sexy,available,56,6%,3,Mathematics,,,
fortynine.sexy,available,56,3%,10,Mathematics,,,
xlvi.sexy,available,56,3%,4,Mathematics,,,
abdominous.sexy,available,56,0%,10,"Health and Fitness,Medicine",,,
fiftynine.sexy,available,56,4%,10,Mathematics,,,
xxix.sexy,available,56,4%,4,Mathematics,,,
maledict.sexy,available,56,1%,8,Religion,,,
aone.sexy,available,56,15%,5,Food and Beverage,,,
triad.sexy,available,56,15%,5,Arts,,,
potbellied.sexy,available,56,0%,10,"Health and Fitness,Medicine",,,
lvi.sexy,available,56,8%,3,Mathematics,,,
xxxii.sexy,available,56,1%,5,Mathematics,,,
appressed.sexy,available,56,0%,9,"Agriculture,Manufacturing,Retail",,,
xxiii.sexy,available,56,5%,5,Mathematics,,,
xxxv.sexy,available,56,4%,4,Mathematics,,,
fiftysix.sexy,available,56,4%,9,Mathematics,,,
admittible.sexy,available,56,1%,10,"Education,Healthcare,Hospitality",,,
addled.sexy,available,56,2%,6,Entertainment,,,
terzetto.sexy,available,56,3%,8,Arts,,,
xxxviii.sexy,available,56,1%,7,Mathematics,,,
xliii.sexy,available,56,1%,5,Mathematics,,,
liii.sexy,available,56,4%,4,Mathematics,,,
fiftyfive.sexy,available,56,7%,10,Mathematics,,,
thirtyone.sexy,available,56,5%,10,Mathematics,,,
accoutered.sexy,available,56,0%,10,"Fashion,Manufacturing,Retail",,,
xxvii.sexy,available,56,3%,5,Mathematics,,,
abeyant.sexy,available,56,1%,7,"Business,Law",,,
quintuplet.sexy,available,54,1%,10,"Healthcare,Medicine,Science",,,
viii.sexy,available,54,6%,4,Mathematics,,,
quadruplet.sexy,available,54,1%,10,"Healthcare,Medicine,Science",,,
fin.sexy,available,54,30%,3,Finance,,,
iii.sexy,available,54,24%,3,Mathematics,,,
adjuratory.sexy,available,54,0%,10,"Law,Politics,Religion",,,
accentual.sexy,available,54,3%,9,"Arts,Entertainment",,,
topnotch.sexy,available,54,18%,8,Business,,,
abducens.sexy,available,54,1%,8,Medicine,,,
twoscore.sexy,available,54,2%,8,Mathematics,,,
adducent.sexy,available,54,1%,8,"Engineering,Mathematics,Science",,,
quatern.sexy,available,54,2%,7,Mathematics,,,
accursed.sexy,available,54,3%,8,"Entertainment,Media,Religion",,,
achy.sexy,available,54,3%,4,Healthcare,,,
abaxial.sexy,available,54,1%,7,Science,,,
monitory.sexy,available,54,3%,8,"Business,Education,Healthcare",,,
achromatic.sexy,available,54,4%,10,Science,,,
actuated.sexy,available,54,2%,8,"Automotive,Manufacturing,Technology",,,
abatic.sexy,available,54,1%,6,Science,,,
vii.sexy,available,54,13%,3,Mathematics,,,
deuceace.sexy,available,54,2%,9,Sports,,,
deserted.sexy,available,54,3%,8,"Hospitality,Real Estate",,,
scratchy.sexy,available,54,3%,8,Fashion,,,
admonitory.sexy,available,54,0%,10,"Business,Education,Healthcare",,,
adpressed.sexy,available,54,0%,9,"Agriculture,Manufacturing,Retail",,,
acoustical.sexy,available,54,4%,10,Science,,,
abhorrent.sexy,available,54,1%,9,Humanities,,,
unnatural.sexy,available,54,4%,9,"Medicine,Science",,,
ternion.sexy,available,54,3%,7,Mathematics,,,
abasic.sexy,available,54,1%,6,Science,,,
abatable.sexy,available,54,1%,8,Law,,,
quaternity.sexy,available,54,4%,10,Mathematics,,,
quaternion.sexy,available,54,6%,10,Mathematics,,,
abient.sexy,available,54,1%,6,Science,,,
adductive.sexy,available,54,0%,9,"Engineering,Mathematics,Science",,,
fortyfive.sexy,available,54,4%,10,Mathematics,,,
adducting.sexy,available,54,1%,9,"Engineering,Mathematics,Science",,,
threescore.sexy,available,54,1%,10,Mathematics,,,
aboral.sexy,available,54,2%,6,Science,,,
adaxial.sexy,available,54,2%,7,Science,,,
sise.sexy,available,54,5%,4,Mathematics,,,
sestet.sexy,available,53,1%,6,Arts,,,
septet.sexy,available,53,1%,6,General,,,
lxxi.sexy,available,52,1%,4,Mathematics,,,
adenoidal.sexy,available,52,1%,9,"Health and Fitness,Medicine,Science",,,
xcvi.sexy,available,52,2%,4,Mathematics,,,
lxxvi.sexy,available,52,1%,5,Mathematics,,,
sixtyfive.sexy,available,52,3%,10,Mathematics,,,
aboulic.sexy,available,52,1%,7,Medicine,,,
lxxxvi.sexy,available,52,1%,6,Mathematics,,,
sixtytwo.sexy,available,52,3%,9,Mathematics,,,
lxiv.sexy,available,52,3%,4,Mathematics,,,
lxvii.sexy,available,52,1%,5,Mathematics,,,
xcii.sexy,available,52,2%,4,Mathematics,,,
lxxiii.sexy,available,52,1%,6,Mathematics,,,
lxxxiv.sexy,available,52,1%,6,Mathematics,,,
ixl.sexy,available,52,9%,3,Mathematics,,,
abusive.sexy,available,52,3%,7,"Healthcare,Law",,,
xcvii.sexy,available,52,1%,5,Mathematics,,,
xcv.sexy,available,52,7%,3,Mathematics,,,
detestable.sexy,available,52,1%,10,Humanities,,,
eightytwo.sexy,available,52,4%,10,Mathematics,,,
lxv.sexy,available,52,5%,3,Mathematics,,,
tierce.sexy,available,52,3%,6,General,,,
lxxxv.sexy,available,52,1%,5,Mathematics,,,
lxxxi.sexy,available,52,1%,5,Mathematics,,,
lxi.sexy,available,52,5%,3,Mathematics,,,
odious.sexy,available,52,2%,6,"Entertainment,Humanities",,,
decumbent.sexy,available,52,1%,9,"Healthcare,Medicine,Science",,,
xcviii.sexy,available,52,1%,6,Mathematics,,,
lxiii.sexy,available,52,2%,5,Mathematics,,,
lxxv.sexy,available,52,1%,4,Mathematics,,,
chagrined.sexy,available,52,1%,9,Humanities,,,
ixc.sexy,available,52,5%,3,Mathematics,,,
ninetyone.sexy,available,52,5%,10,Mathematics,,,
lxxxii.sexy,available,52,1%,6,Mathematics,,,
lxii.sexy,available,52,1%,4,Mathematics,,,
ablated.sexy,available,52,1%,7,Science,,,
abstruse.sexy,available,52,5%,8,"Humanities,Mathematics,Science",,,
littlejoe.sexy,available,52,2%,10,"Entertainment,Media",,,
repulsive.sexy,available,52,1%,9,Humanities,,,
xciii.sexy,available,52,1%,5,Mathematics,,,
abominable.sexy,available,52,2%,10,"Entertainment,Humanities",,,
lxxxiii.sexy,available,52,1%,7,Mathematics,,,
lxxii.sexy,available,52,1%,5,Mathematics,,,
lxxiv.sexy,available,52,1%,5,Mathematics,,,
repugnant.sexy,available,52,1%,9,Humanities,,,
uphill.sexy,available,52,7%,6,"Sports,Transportation,Travel",,,
ninetysix.sexy,available,52,4%,10,Mathematics,,,
lxxvii.sexy,available,52,2%,6,Mathematics,,,
lxxxvii.sexy,available,52,1%,7,Mathematics,,,
sixtysix.sexy,available,52,4%,9,Mathematics,,,
sixtyfour.sexy,available,52,3%,10,Mathematics,,,
lxviii.sexy,available,52,1%,6,Mathematics,,,
xciv.sexy,available,52,2%,4,Mathematics,,,
ninetytwo.sexy,available,52,4%,10,Mathematics,,,
eightyone.sexy,available,52,3%,10,Mathematics,,,
lxvi.sexy,available,52,3%,4,Mathematics,,,
abysmal.sexy,available,52,4%,7,"Arts,Entertainment,Media",,,
xci.sexy,available,52,4%,3,Mathematics,,,
scummy.sexy,available,50,1%,6,Humanities,,,
broached.sexy,available,50,0%,8,Food and Beverage,,,
needlelike.sexy,available,50,0%,10,"Engineering,Medicine,Science",,,
abomasal.sexy,available,50,0%,8,Agriculture,,,
acapnic.sexy,available,50,0%,7,"Healthcare,Medicine,Science",,,
acerose.sexy,available,50,1%,7,Science,,,
acellular.sexy,available,50,1%,9,Science,,,
trine.sexy,available,50,11%,5,"General,Religion",,,
acapnotic.sexy,available,50,0%,9,"Healthcare,Medicine,Science",,,
lxx.sexy,available,50,5%,3,Mathematics,,,
acerbic.sexy,available,50,2%,7,"Arts,Humanities,Media",,,
abbatial.sexy,available,50,0%,8,Religion,,,
gillless.sexy,available,50,0%,9,Science,,,
ogdoad.sexy,available,50,1%,6,Mathematics,,,
vinegary.sexy,available,50,1%,8,Food and Beverage,,,
acaudal.sexy,available,50,1%,7,"Agriculture,Science",,,
quint.sexy,available,50,13%,5,"Arts,Entertainment",,,
adhominem.sexy,available,50,2%,10,"Humanities,Law,Politics",,,
acetose.sexy,available,50,1%,7,Science,,,
abdicable.sexy,available,50,0%,9,Law,,,
acquitted.sexy,available,50,1%,9,Law,,,
abranchial.sexy,available,50,0%,10,Science,,,
spinous.sexy,available,50,1%,7,"Agriculture,Science",,,
acetous.sexy,available,50,1%,7,Science,,,
aculeated.sexy,available,50,0%,9,"Engineering,Medicine,Science",,,
abducting.sexy,available,50,0%,9,Medicine,,,
cinque.sexy,available,50,7%,6,Mathematics,,,
adactylous.sexy,available,50,0%,10,Science,,,
abactinal.sexy,available,50,0%,9,Science,,,
triplet.sexy,available,50,8%,7,Science,,,
aborticide.sexy,available,50,0%,10,Medicine,,,
acerb.sexy,available,50,2%,5,Science,,,
abyssal.sexy,available,48,12%,7,"Arts,Entertainment,Media",,,
abstracted.sexy,available,48,5%,10,"Arts,Humanities,Science",,,
ilxx.sexy,available,48,1%,4,Mathematics,,,
ilxxx.sexy,available,48,1%,5,Mathematics,,,
notguilty.sexy,available,48,5%,10,Law,,,
apriori.sexy,available,48,13%,8,Mathematics,,,
lxxxviii.sexy,available,48,1%,8,Mathematics,,,
execrable.sexy,available,48,0%,9,"Entertainment,Humanities",,,
achenial.sexy,available,46,1%,8,Science,,,
acephalous.sexy,available,46,1%,10,Science,,,
acanthous.sexy,available,46,0%,9,"Agriculture,Science",,,
acarpelous.sexy,available,46,0%,10,"Agriculture,Science",,,
acetabular.sexy,available,46,1%,10,Science,,,
acaudate.sexy,available,46,1%,8,"Agriculture,Science",,,
acheronian.sexy,available,46,1%,10,Humanities,,,
acicular.sexy,available,46,2%,8,Science,,,
theabsurd.sexy,available,46,1%,10,"Arts,Entertainment,Media",,,
acapnial.sexy,available,46,0%,8,"Healthcare,Medicine,Science",,,
acetonic.sexy,available,46,1%,8,Science,,,
stripling.sexy,available,46,2%,9,"Education,Entertainment,Healthcare",,,
acanthotic.sexy,available,46,0%,10,"Agriculture,Science",,,
vinegarish.sexy,available,46,1%,10,Food and Beverage,,,
quaternary.sexy,available,46,3%,10,Mathematics,,,
stemless.sexy,available,46,2%,8,"Agriculture,Science",,,
achromous.sexy,available,46,1%,9,Science,,,
acanthoid.sexy,available,46,1%,9,"Agriculture,Science",,,
acetylic.sexy,available,46,1%,8,Science,,,
cotyloid.sexy,available,46,1%,8,Science,,,
achromic.sexy,available,46,2%,8,Science,,,
acarpous.sexy,available,46,0%,8,"Agriculture,Science",,,
acetylenic.sexy,available,46,1%,10,Science,,,
cotyloidal.sexy,available,44,1%,10,Science,,,
accusatory.sexy,available,44,1%,10,Law,,,
acherontic.sexy,available,44,1%,10,Humanities,,,
phoebe.sexy,available,41,14%,6,Science,,,
abscessed.sexy,available,41,0%,9,Healthcare,,,
accusive.sexy,available,40,1%,8,Law,,,
accurst.sexy,available,40,1%,7,Religion,,,
scurrilous.sexy,available,40,1%,10,"Entertainment,Media,Politics",,,